Country_name,3_letter_code,Total_confirmed_cases_x,Total_confirmed_cases_y,New_persons_fully_vaccinated_in_country_per_day,Total_vacinations_in_country_per_day,Investment_in_vaccines
Christmas Island,CXR,,,,,
Cyprus,CYP,579899,579899,643495,665446,0
Denmark,DNK,3283706,3283706,4781451,4816889,3000000
Western Sahara,ESH,,,,,
Grenada,GRD,19473,19473,38800,44019,0
Greenland,GRL,11971,11971,37299,38659,19013
Croatia,HRV,1222007,1222007,2236074,2309901,3292815
Israel,ISR,12717008,12717008,16661311,18210008,141155058
Isle of Man,IMN,38008,38008,66794,65663,
Iran,IRN,7540962,7540962,58253415,64978822,0
Kuwait,KWT,657745,657745,3297554,3306742,0
Liechtenstein,LIE,19356,19356,26254,26497,658643
Latvia,LVA,912002,912002,1305975,1346183,0
Libya,LBY,530589,530589,1176642,2303655,13408000
Mauritania,MRT,62778,62778,1417626,2005049,0
Malawi,MWI,87842,87842,2247780,3036122,37000000
Niger,NER,9388,9388,2972814,3740079,0
Oman,OMN,397993,397993,3044088,3269526,0
Poland,POL,14895685,14895685,56294637,66744509,518361020
Pitcairn Islands,PCN,4,4,17,0,
Palestine,PSE,702768,702768,0,0,0
Portugal,PRT,5495738,5495738,8914370,9746410,242461000
El Salvador,SLV,201785,201785,4328276,4630037,0
Syria,SYR,57197,57197,2017778,2940095,0
Uganda,UGA,169001,169001,12558081,18386089,5000000
United States Virgin Islands,VIR,22970,22970,,,0
Colombia,COL,17784672,17784672,36446572,41884807,0
Andorra,AND,46147,46147,52306,57317,0
American Samoa,ASM,8217,8217,,,
Azerbaijan,AZE,818634,818634,4564616,5373253,0
Bouvet Island,BVT,,,,,
Democratic Republic of the Congo,COD,107130,107130,2871213,4386801,0
Central African Republic,CAF,14903,14903,1368399,1454656,0
Ivory Coast,CIV,86973,86973,8544355,10721755,0
Costa Rica,CRI,1105792,1105792,4191631,4463581,40000000
Gibraltar,GIB,20069,20069,41021,41654,
Ireland,IRL,1660635,1660635,4050631,4095768,33433914
British Indian Ocean Territory,IOT,,,,,
Saint Lucia,LCA,28959,28959,37479,59973,
Morocco,MAR,1264711,1264711,23484273,22638416,0
Monaco,MCO,14471,14471,18504,20426,1224000
Macedonia,MKD,341889,341889,813921,854256,
Northern Mariana Islands,MNP,13155,13155,,,
Mauritius,MUS,260947,260947,969264,1021934,0
Nigeria,NGA,264617,264617,31125902,43817495,298500000
Papua New Guinea,PNG,44931,44931,279952,347753,0
Seychelles,SYC,46358,46358,81199,85397,0
Saint Helena,SHN,0,0,3421,4254,
Somalia,SOM,27197,27197,2657353,3668114,0
Suriname,SUR,81078,81078,237797,267820,0
Swaziland,SWZ,73374,73374,481542,491715,13640045
Turks and Caicos Islands,TCA,6380,6380,20288,32338,
Tunisia,TUN,1145163,1145163,6378167,8896848,0
United States Minor Outlying Islands,UMI,,,,,
Afghanistan,AFG,352280,352280,10049876,10827184,113000000
Bosnia and Herzegovina,BIH,397602,397602,836080,943394,9190000
Chile,CHL,13636490,13636490,17670326,18064495,3435342491
Estonia,EST,1187216,1187216,845839,866338,0
Ethiopia,ETH,493367,493367,18646528,42681242,0
Guam,GUM,48669,48669,,,0
Guyana,GUY,71209,71209,461005,485891,3589867
Iraq,IRQ,2458509,2458509,7646619,11110310,0
Jersey,JEY,59270,59270,75699,43816,
Saint Kitts and Nevis,KNA,6536,6536,26817,33794,
Lesotho,LSO,34287,34287,872539,924248,0
Luxembourg,LUX,288527,288527,462508,481657,0
Mongolia,MNG,981618,981618,2154011,2269853,7827300
Martinique,MTQ,219529,219529,,,
Malta,MLT,114348,114348,469495,466098,0
Malaysia,MYS,9626305,9626305,55003624,55760136,0
Nicaragua,NIC,14990,14990,5540369,6051704,260000000
Nauru,NRU,4610,4610,6771,10493,
Peru,PER,10651933,10651933,28162516,29837772,23757005
Philippines,PHL,7926165,7926165,72567235,77253008,1857847000
Romania,ROU,5905216,5905216,8113894,8180548,808365
Sweden,SWE,5157043,5157043,7662946,15675064,9900000
Trinidad and Tobago,TTO,181567,181567,716533,753441,0
United Arab Emirates,ARE,1021191,1021191,9542266,9154521,5000000
Anguilla,AIA,3856,3856,9531,10846,
Austria,AUT,15025546,15025546,12484626,13184659,1085695
Australia,AUS,20327173,20327173,43158123,82763045,4703229757
Burundi,BDI,49882,49882,18104,18764,0
Botswana,BWA,326107,326107,1350720,1502742,0
Cocos Islands,CCK,,,,,
Cook Islands,COK,6389,6389,14656,10670,
Algeria,DZA,270570,270570,5756374,7840131,1642713755
Fiji,FJI,68207,68207,635279,709581,0
Haiti,HTI,56492,56492,221304,358867,0
Comoros,COM,8467,8467,381444,409815,
North Korea,PRK,0,0,,,
Laos,LAO,215157,215157,5192136,5847917,0
Liberia,LBR,7929,7929,2949554,3467301,0
Lithuania,LTU,1232367,1232367,1877387,1952481,4732093
Moldova,MDA,583183,583183,1055428,1079437,14723949
Norfolk Island,NFK,,,,,
Singapore,SGP,1867168,1867168,5004692,5024254,0
Senegal,SEN,88230,88230,1021804,1473795,3800000
Taiwan,TWN,10061168,10061168,20185262,21634247,1733514
Vatican City,VAT,26,26,,,
South Africa,ZAF,11020928,11020928,19360708,22293695,480000000
Zambia,ZMB,333229,333229,5851127,7540676,0
Antigua and Barbuda,ATG,9008,9008,59450,64091,
Netherlands Antilles,,,,,,
Bangladesh,BGD,2559498,2559498,121405025,131389148,0
Bulgaria,BGR,1250250,1250250,2069594,2099212,79094046
Benin,BEN,27638,27638,2729804,3671646,0
Caribbean Netherlands,BES,,,15071,13383,
Belarus,BLR,994037,994037,6377017,6498901,0
Canada,CAN,7914343,7914343,90452263,93796514,10015395120
Switzerland,CHE,8109161,8109161,11933354,12078678,400160460
Cuba,CUB,1110948,1110948,9842534,10631102,0
Egypt,EGY,515348,515348,39136903,52691386,0
Guernsey,GGY,30992,30992,50829,47995,
Equatorial Guinea,GNQ,16894,16894,213232,264344,
Guinea-Bissau,GNB,8796,8796,391431,587187,
Italy,ITA,63645029,63645029,92082526,96840043,5953246
Kyrgyzstan,KGZ,205920,205920,1334181,1594808,0
South Korea,KOR,24284819,24284819,44660711,45070438,7698257367
Kazakhstan,KAZ,1482094,1482094,10578333,10829480,0
Mali,MLI,32385,32385,1639384,2203178,0
Namibia,NAM,166645,166645,514027,586652,1626240
Nepal,NPL,999121,999121,21962932,26605011,0
Niue,NIU,78,78,1404,1650,
Serbia,SRB,2324719,2324719,3230533,3347075,0
Slovenia,SVN,1146874,1146874,1294311,1465398,16367576
Svalbard and Jan Mayen,SJM,,,,,
Chad,TCD,7558,7558,3607933,3733869,0
Tokelau,TKL,0,0,157,1339,
Turkey,TUR,16852382,16852382,52818565,54854453,750000000
Tanzania,TZA,39253,39253,17778283,19658725,0
Uzbekistan,UZB,244006,244006,16378576,21051293,410000
United States of America,USA,272181074,272181074,592362147,519008567,16179000000
Albania,ALB,330149,330149,1261242,1335654,6900000
Belgium,BEL,8947328,8947328,9430727,9541981,27427500
Bermuda,BMU,18019,18019,46066,48554,0
Eritrea,ERI,10163,10163,,,0
Finland,FIN,1430775,1430775,4342288,4521522,5543828
Falkland Islands,FLK,1886,1886,58,2632,
French Guiana,GUF,93837,93837,,,
Gambia,GMB,12415,12415,347001,452514,0
Guatemala,GTM,1112550,1112550,6847919,8735448,0
Heard Island and McDonald Islands,HMD,,,,,
Cambodia,KHM,137739,137739,14513369,15172499,0
Sri Lanka,LKA,670519,670519,14638849,17114619,152500000
Marshall Islands,MHL,15180,15180,32752,40406,
Maldives,MDV,184966,184966,383214,398203,
Mexico,MEX,12986669,12986669,79945512,96369318,0
Pakistan,PAK,1588301,1588301,130489253,139267049,300000000
Solomon Islands,SLB,21544,21544,197663,304590,0
Togo,TGO,38678,38678,1389408,2159001,0
British Virgin Islands,VGB,7305,7305,14435,8187,
Kosovo,RKS,271921,271921,,,0
Zimbabwe,ZWE,256939,256939,4730223,6416575,100000001
Armenia,ARM,439302,439302,974023,1129104,
Bahrain,BHR,674909,674909,1026356,1201437,0
Brunei,BRN,224610,224610,444307,449429,0
Bahamas,BHS,37171,37171,157755,172588,1600000
Belize,BLZ,68612,68612,210152,250319,0
Republic of the Congo,COG,24775,24775,588092,681463,16800000
China,CHN,7758224,7758224,493610000,680773000,2952723947
Germany,DEU,57763003,57763003,96180852,115681002,1861521162
Dominica,DMA,14852,14852,30229,32872,0
Ecuador,ECU,999837,999837,14088205,15237316,0
Faroe Islands,FRO,34658,34658,40894,37722,0
France,FRA,90395908,90395908,156439462,158477834,600266651
Gabon,GAB,48668,48668,257055,310170,0
Georgia,GEO,1762206,1762206,1273286,1645776,0
Ghana,GHA,168616,168616,7875717,11371567,200000000
Guinea,GIN,37652,37652,2870932,5093664,0
Jamaica,JAM,150909,150909,722116,830330,6000000000
Jordan,JOR,1742256,1742256,4528313,4821579,0
Lebanon,LBN,1213200,1213200,2387386,2648351,0
Montserrat,MSR,1326,1326,1892,2086,
Palau,PLW,5459,5459,18346,20165,
Qatar,QAT,438499,438499,2230767,2685749,0
Réunion,REU,474623,474623,,,
Saudi Arabia,SAU,814829,814829,23816722,10969797,510000000
Sudan,SDN,76591,76591,4499033,6651268,100000000
San Marino,SMR,20552,20552,23604,26322,0
Thailand,THA,9342446,9342446,53420614,56972124,1888198189
Turkmenistan,TKM,0,0,2900494,2937760,0
Samoa,WSM,15889,15889,210260,222996,
Antarctica,ATA,,,,,
Aruba,ABW,42970,42970,73366,74151,0
Burkina Faso,BFA,21128,21128,2412636,2676883,0
Bhutan,BTN,61419,61419,673559,695693,0
Curaçao,CUW,45345,45345,95624,93067,
Hong Kong,HKG,15441,15441,6635359,6837449,14322225
Iceland,ISL,205284,205284,289713,304895,0
Kiribati,KIR,3430,3430,55973,82774,0
Cayman Islands,CYM,30545,30545,56948,61663,
Madagascar,MDG,66652,66652,1276129,1521766,0
New Caledonia,NCL,74222,74222,183694,190408,
New Zealand,NZL,1746283,1746283,4131644,4297219,23870000
French Polynesia,PYF,76578,76578,184076,186219,
Russia,RUS,32627601,32627601,75419372,84004373,312789295
Sierra Leone,SLE,13087,13087,2189001,2904587,0
Venezuela,VEN,935540,935540,14135474,22157232,200000000
Vanuatu,VUT,11921,11921,130493,143339,0
Wallis and Futuna,WLF,761,761,4969,5197,
Czech Republic,CZE,12154031,12154031,12954594,13947454,0
Argentina,ARG,27450377,27450377,48319990,52967364,100000000
Barbados,BRB,101979,101979,137967,158986,0
Cape Verde,CPV,62346,62346,305714,356355,40026836
Djibouti,DJI,15690,15690,204980,215597,0
Dominican Republic,DOM,641677,641677,5985208,7276353,748800
United Kingdom,GBR,93262911,93262911,134342386,136505229,16471269647
Indonesia,IDN,14524997,14524997,170493187,203882351,338558
India,IND,126463452,126463452,1274813983,1755475513,104135383691
Mozambique,MOZ,454886,454886,12792602,13456303,0
Netherlands,NLD,48677313,48677313,11935165,12740770,261627134
Panama,PAN,984234,984234,3142428,3497920,0
Puerto Rico,PRI,943972,943972,,,0
Paraguay,PRY,715806,715806,3516871,3986765,7000000
Rwanda,RWA,132474,132474,10439068,10940142,0
Slovakia,SVK,1838393,1838393,5094779,5586740,0
São Tomé and Príncipe,STP,6177,6177,100748,127161,
Sint Maarten,SXM,10855,10855,16559,13824,
Ukraine,UKR,10333691,10333691,15153576,15774141,233711205
Uruguay,URY,982846,982846,2875500,3000641,2500000
Saint Vincent and the Grenadines,VCT,9446,9446,21377,28199,
Vietnam,VNM,11448034,11448034,83656864,89618505,53966
Angola,AGO,103131,103131,7773926,14220830,88000000
Bolivia,BOL,1106538,1106538,10066060,12401608,0
Brazil,BRA,109948210,109948210,333119482,362612803,148930783
Cameroon,CMR,121652,121652,1225755,1569870,0
Spain,ESP,31279968,31279968,861071766,1141160473,26589481
Micronesia,FSM,10265,10265,,,
Greece,GRC,4838811,4838811,7637081,7926591,3242505
South Georgia and the South Sandwich Islands,SGS,,,,,
Honduras,HND,455669,455669,5594514,6321966,0
Hungary,HUN,2070443,2070443,6201866,6287618,19959700
Japan,JPN,39621765,39621765,102770932,104181296,8269849765
Kenya,KEN,399811,399811,9985484,13460152,0
Montenegro,MNE,277805,277805,284537,292783,
Myanmar,MMR,617739,617739,27505329,34777314,0
Macau,MAC,783,783,580775,583291,52610000
Norway,NOR,2898659,2898659,4052256,4345038,694263420
South Sudan,SSD,17780,17780,1805515,1849007,0
French Southern Territories,ATF,,,,,
Tajikistan,TJK,17786,17786,5108163,5213634,25000000
East Timor,TLS,23237,23237,743625,847592,0
Tonga,TON,16182,16182,75255,88432,0
Tuvalu,TUV,20,20,6714,7052,
Yemen,YEM,11932,11932,461914,711874,0
Mayotte,MYT,40161,40161,,,
